cell_specimen_id,ori_peak_sig,freq_peak_sig
517406587,1.6183271501842775,1.3579376324339951
517406338,1.2089749229834457,1.0460536683607013
517406561,1.2044876846805948,1.253672870419188
