cell_specimen_id,ori_peak_sig,freq_peak_sig
662099026,1.223453999015242,1.1357362793816357
