cell_specimen_id,ori_peak_sig,freq_peak_sig
578468481,1.1236061572568259,1.1831855091762176
578468522,1.1174526167520007,1.2308883320754207
