cell_specimen_id,ori_peak_sig,freq_peak_sig
541019770,1.910384418660472,1.8684116467678795
541019891,1.7424198847509078,1.1866741614841827
541019692,1.4955340991579336,1.319516633724624
