cell_specimen_id,ori_peak_sig,freq_peak_sig
662245436,1.7583424585845382,1.519730360247543
662244044,1.6924344221881717,1.4610274735832265
662243305,1.5308372661949758,1.4156925421998787
662243271,1.4628620771825716,1.359348660088613
662244866,1.2891338296518065,1.260437601045401
662245499,1.288069555841239,1.0738870973436119
